{"train_loss": [4.641076793534126, 4.329184184144767, 4.403886779013877, 4.369182770871342, 4.377693450217429, 4.378747889711321, 4.214447934685776, 4.297773569394643, 4.127896001106038, 4.1141168977621385, 3.970195042865624, 3.7878759604659002, 3.896879478626764, 3.8827241349363435, 3.6714557732738586, 3.5946288776511306, 3.624363125175947, 3.4899179538671383, 3.4013876254308273, 3.3796703920391438, 3.190265828138531, 3.2727072547864613, 3.1519189806242545, 3.010292933376347, 3.081967838550366, 2.9930673270390384, 2.900321977811609, 2.85954041544629, 2.772567209030597, 2.684285327299938, 2.726946048735736, 2.6645147312613346, 2.5389972305330923, 2.707340813860256, 2.1314077774319844, 2.455901764999377, 2.2609259827187738, 2.3607132753327913, 2.214329471276188, 2.01432645052818, 2.118008089656358, 1.9723719300453086, 2.0202305738593385, 1.826464063840093, 1.9279971363793047, 1.6352918944081245, 1.886481094677263, 1.650895709106674, 1.5154426679982769, 1.4794427820342653], "train_acc": [2.057993855177642, 2.911651563930326, 1.6761266393745808, 4.945276929372637, 7.605739148661529, 7.761644912895618, 9.222395869415125, 9.422686063408163, 14.101396921627613, 11.291309187409732, 14.867765751982885, 15.717052296265422, 15.143334322644765, 18.500123928178855, 20.471734803086196, 20.683449312987328, 21.262160501437332, 24.052467222369447, 24.335107091587684, 24.49433719509143, 28.43148554291809, 29.905364081424622, 27.76003848556888, 31.191694076849533, 31.06871844873387, 32.803197329341714, 35.16881224546459, 37.17861201871585, 38.06912704915573, 38.799138123107944, 40.87026442600067, 42.02379811654668, 40.97364932327128, 42.63631060902757, 47.04121452226233, 45.34680629833006, 48.105218634019046, 50.20319943005158, 51.020764068256334, 52.65957368245355, 53.36349284547769, 56.37125727573141, 55.51150711849966, 56.39069909484083, 57.540750860772285, 60.0506953529484, 62.351095187778036, 60.728241910803945, 63.52875797259962, 64.50412350459686], "val_loss": [4.544100990553431, 4.449352612004701, 4.573541710753003, 4.399392548103547, 4.4879322748089985, 4.155763046197644, 4.187229592996622, 4.1894907049667784, 4.297365078474002, 4.182113251191516, 4.305014048885832, 3.96749308912615, 3.991738688092604, 3.990026234042619, 3.7148991230939794, 3.596732877678197, 3.6312591971593813, 3.5873425255679323, 3.4931214416779763, 3.7200706765016633, 3.6675563618857945, 3.440899990862871, 3.4627724215064193, 3.320861099836316, 3.1899804665644567, 3.3402235142138315, 3.1081784239533303, 3.1984508343982285, 2.9802040465719437, 2.867109295272896, 2.8153118839859834, 2.839974952018632, 2.9002764807288393, 2.8535184284309145, 2.646450235367464, 2.6639323112592, 2.5103340916654697, 2.6336652900456214, 2.802765472856418, 2.66988670528534, 2.4129239212040527, 2.3114216713943905, 2.244313819402298, 2.2715533147687146, 2.309491727580654, 2.163563277680168, 2.1578455742654623, 2.1661391531227117, 1.9693094060836427, 1.95602481221464], "val_acc": [0.9385853100460559, -0.5530636295462701, 6.203908370653762, 3.284183494992592, 3.0942317625638367, 5.731394921006202, 6.025113727513544, 6.997413196243256, 10.130705401571065, 11.405614689219286, 10.208820297631782, 11.706314451882372, 13.444584733467732, 14.866142564538599, 17.214248613129815, 15.75799509319321, 19.562261565704873, 17.850939031897347, 21.69791005350679, 22.575602594709103, 22.43731815475836, 22.23461162640863, 21.284885992273765, 25.750718964705175, 26.578147235512283, 28.407754371710922, 28.062040599148645, 32.19016063269262, 30.88202070224617, 31.97641513998314, 35.246021548228576, 33.68422830653796, 38.70605359725046, 38.3524654561708, 40.82071494863155, 38.68655615356742, 39.07208658041614, 41.043259770328355, 43.515759032038396, 44.85379274214375, 44.303753108146104, 46.361716338095974, 49.22269079036144, 47.52763838521476, 50.16746273218858, 52.91008002027184, 52.02455738084976, 53.17892417888389, 55.06130713050633, 54.80423436143739]}