{
    "train_loss": [
        4.611140171797034,
        4.575333839977334,
        4.520473538423874,
        4.409299213578731,
        4.276318453551992
    ],
    "train_acc": [
        1.0402219140083218,
        2.2884882108183078,
        2.8432732316227463,
        4.368932038834951,
        6.38002773925104
    ],
    "val_loss": [
        4.605115814321845,
        4.619243046235756,
        4.640958506680099,
        4.6574937380277195,
        4.780692213385768
    ],
    "val_acc": [
        1.4792899408284024,
        0.8875739644970414,
        1.7751479289940828,
        1.7751479289940828,
        0.591715976331361
    ]
}