{"train_loss": [4.667261455330097, 4.6065605359814255, 4.451510964448355, 4.401419302016709, 4.239575818752047, 4.189571029920105, 4.173685641558127, 4.002325082995637, 4.018275692445206, 3.8819422520220983, 3.764677941296177, 3.6714223464368763, 3.6076839658277495, 3.593099485586721, 3.516586408871837, 3.407329265248371, 3.3132208265639056, 3.2687200225494215, 3.2641705244174304, 3.1512616217036546, 2.9515202291386857, 2.9266825557969387, 2.964472337236916, 2.7732764108478656, 2.7718671194065005, 2.659232317055929, 2.5227452789807274, 2.4689366931942645, 2.41795590872064, 2.4466169231354344, 2.2247382464186427, 2.1651845553302294, 2.067321509946422, 2.144749807734354, 1.8734414846980219, 1.8362094049568918, 1.7139642181440315, 1.7901217524606285, 1.6507007444107666, 1.580152125272715, 1.6255457765091799, 1.4548518946311173, 1.2385105222165118, 1.246484013253208, 1.195800417469169, 1.1381732400101412, 1.0453679479415523, 0.9625904013458465, 0.7495013358884183, 0.8729866711443576], "train_acc": [1.1924245429720095, 3.042017439699077, 4.833766833884021, 5.326798592262712, 6.5664043449007545, 9.96732391520597, 11.472939022586788, 12.657093871380557, 14.440091921267586, 17.27729544597323, 17.667860035784997, 21.26804382470752, 22.06148065113939, 22.89248108276931, 25.5303168281437, 26.8896693191288, 28.63288570634275, 29.415126678495973, 30.821611441004602, 33.068525261432356, 34.89922322733738, 36.939349462046934, 39.35784512294987, 40.604420648506625, 42.058370761013485, 43.22233534250273, 46.21560128990064, 47.807768251046, 48.173142816422875, 49.92520365209991, 52.88869851110614, 54.29634546116557, 55.0081717305125, 56.87704977992641, 59.13171767718054, 61.42251776543515, 62.692262757873486, 63.59925622540409, 65.69981150319475, 68.50467429130445, 69.8294849126254, 71.63779775452775, 71.79349838421548, 74.82835115190254, 75.97210646051055, 79.4796558810363, 80.46339462129482, 82.23399123653107, 83.30903217128765, 85.3389041169907], "val_loss": [4.620499377236742, 4.316512300682155, 4.486693283894784, 4.392495652339648, 4.087746968384162, 4.183808804313012, 4.272732711533988, 4.197452452348133, 3.9172974425076026, 4.075889257894772, 3.8194627335786877, 3.9451362572801827, 3.7310944444900223, 3.7485566485836306, 3.6536689439984165, 3.687855843624436, 3.4012371573046813, 3.2211108028407933, 3.4080689256408285, 3.110299301199528, 3.2445107749211832, 3.2057124796770475, 3.1908834747683508, 2.853573262885383, 2.777333644939531, 2.935520470249495, 2.6536696950454184, 2.810711346988273, 2.7478696372542695, 2.5981114380400996, 2.5204799094724257, 2.393203287095407, 2.5823278198372597, 2.2376288959625668, 2.3398288667595626, 2.2198403605213195, 1.817119351946164, 2.0214847321420284, 1.99671227674362, 1.9563976762811364, 1.9177656461168735, 1.880398781741376, 1.7890174877943208, 1.470979147836066, 1.390155108227188, 1.3754008708256316, 1.5126965180263958, 1.4513282181225078, 1.3899631529918095, 1.0986663074014458], "val_acc": [0.5667756774821925, 3.182888329539143, 4.432709085115073, 5.156884047806901, 6.965572397800341, 11.360389665834521, 10.797397134475895, 13.100489357700267, 12.151035398486508, 15.925504606651335, 17.350633664913808, 17.457510893822338, 20.375601763766518, 21.640209888954253, 24.382509709027328, 23.596358356414225, 26.373520366776432, 29.011977308620338, 28.001249382776503, 29.26091500919865, 32.40936177584851, 33.44289890112174, 36.05464596530004, 36.5711893261026, 38.811164204340784, 39.46343861242184, 41.434443579055376, 42.02180187555892, 45.33222216781198, 47.209103306847815, 49.377921898664916, 49.68504667792505, 52.62027986922943, 55.55933952652897, 54.755182033423964, 54.449671388230115, 57.636144551273446, 57.683385212992924, 62.14706912846081, 64.16084057230181, 65.74599239032882, 64.36869429709064, 66.79797060661541, 66.69098882962706, 70.34486697595497, 73.44881992536247, 73.34855973940168, 77.05272777354062, 76.59554872056428, 78.90393610064912]}